Y,X,Y_hat
4,38,4
2,24,2
3,22,2
2,45,2
2,25,2
4,30,4
4,55,1
4,35,0
3,21,3
2,42,2
4,12,4
4,30,4
4,60,4
2,25,2
3,30,3
1,13,4
4,50,4
3,30,3
4,60,1
2,26,4
1,25,3
1,13,1
3,40,3
2,12,2
2,25,2
3,30,3
4,60,4
1,15,4
2,15,2
2,72,2
3,37,3
4,45,4
2,60,2
0,49,1
2,22,2
3,37,3
4,50,4
4,55,4
4,66,4
3,24,3
4,65,1
2,20,2
2,44,2
4,19,4
2,43,2
1,75,4
3,30,3
4,13,4
2,36,2
2,13,2
4,56,4
2,15,2
1,60,4
2,46,2
1,60,2
1,65,4
2,30,2
4,59,4
1,50,4
1,70,1
4,19,3
2,20,2
1,22,2
4,18,4
1,70,1
1,28,1
3,22,4
3,26,3
2,13,2
1,30,4
3,13,3
3,32,3
1,50,4
4,49,4
1,48,2
2,70,2
4,45,2
2,44,2
0,70,2
4,60,2
2,37,2
4,80,4
4,80,4
1,22,2
1,15,1
1,18,4
3,39,3
4,25,4
3,30,3
1,30,4
4,70,4
4,21,4
1,52,4
2,30,2
1,38,4
2,35,2
2,33,2
4,45,4
2,23,2
2,25,2
3,32,3
1,60,1
2,14,1
4,80,4
4,60,4
1,55,1
3,30,3
2,27,2
2,50,2
4,80,4
3,20,4
0,80,4
1,55,2
2,36,2
4,50,1
4,40,4
2,29,2
3,45,3
2,29,2
2,15,2
4,25,4
2,13,2
1,65,4
4,80,4
2,50,1
3,35,3
4,70,4
2,21,2
2,19,2
4,38,4
1,23,1
4,40,1
4,60,4
4,56,4
3,21,2
2,15,2
2,40,2
2,26,2
4,54,2
4,60,4
1,30,4
2,21,2
2,12,2
4,42,4
4,40,4
2,50,2
1,65,4
4,80,4
3,24,4
2,15,2
1,25,1
1,50,4
2,12,2
2,48,2
4,30,4
4,43,4
1,50,1
2,70,2
2,43,2
2,13,2
1,80,4
1,42,2
1,70,1
3,37,3
4,30,1
2,16,2
4,45,4
2,50,2
2,27,2
1,13,2
1,75,4
4,27,4
3,25,3
2,60,2
1,20,1
4,18,4
2,55,2
3,32,2
1,14,1
4,80,1
4,48,4
4,16,1
4,45,3
3,28,2
2,14,2
3,38,3
4,65,4
1,20,4
2,35,2
1,56,1
2,12,2
1,70,4
3,24,3
4,35,4
4,39,1
0,34,0
3,35,3
2,48,2
4,64,4
2,68,2
2,32,2
2,70,2
4,12,1
4,60,4
2,55,2
3,21,3
4,60,2
3,30,3
3,30,3
2,13,2
3,50,2
3,33,3
4,51,4
3,36,4
0,40,0
3,30,2
2,25,2
4,75,0
1,33,2
4,99,4
1,90,4
4,19,1
4,47,4
3,29,3
1,70,1
2,19,2
3,35,4
0,60,0
2,60,2
2,22,2
1,80,2
4,70,4
2,45,2
4,25,4
4,65,4
